City_ID,City,Country,Date,Lat,Lng,Max Temp,Humidity,Cloudiness,Wind Speed
0,Hobart,AU,2022-05-14 23:10:33,-42.8794,147.3294,62.06,72,40,4.61
1,Vaini,TO,2022-05-14 23:14:57,-21.2,-175.2,74.19,67,98,16.13
2,Kodiak,US,2022-05-14 23:14:58,57.79,-152.4072,49.51,46,40,13.8
3,Chapais,CA,2022-05-14 23:14:58,49.7834,-74.8492,73.69,60,100,8.19
4,Mataura,NZ,2022-05-14 23:14:59,-46.1927,168.8643,48.47,75,63,3.0
5,Norman Wells,CA,2022-05-14 23:14:59,65.282,-126.8329,41.45,87,100,9.48
6,Khirkiya,IN,2022-05-14 23:14:59,22.1674,76.8605,89.87,33,25,7.58
7,Yatou,CN,2022-05-14 23:15:00,37.15,122.3833,58.21,32,1,2.75
8,Rikitea,PF,2022-05-14 23:15:00,-23.1203,-134.9692,76.26,71,2,20.6
9,Cherskiy,RU,2022-05-14 23:15:00,68.75,161.3,27.27,90,100,15.86
10,Uruacu,BR,2022-05-14 23:15:01,-14.5247,-49.1408,75.42,47,25,1.63
11,Iqaluit,CA,2022-05-14 23:15:01,63.7506,-68.5145,22.73,79,75,23.02
12,Yulara,AU,2022-05-14 23:15:02,-25.2406,130.9889,64.04,61,89,7.43
13,Barrow,US,2022-05-14 23:15:02,71.2906,-156.7887,30.22,86,100,16.11
14,Qaanaaq,GL,2022-05-14 23:15:03,77.484,-69.3632,17.06,76,79,3.96
15,Katangli,RU,2022-05-14 23:15:03,51.7102,143.2326,32.85,100,100,12.62
16,Mahebourg,MU,2022-05-14 23:15:04,-20.4081,57.7,73.69,78,40,3.44
17,Punta Arenas,CL,2022-05-14 23:15:04,-53.15,-70.9167,48.11,76,20,11.5
18,Deniliquin,AU,2022-05-14 23:15:05,-35.5333,144.9667,61.41,71,65,8.66
19,Chuy,UY,2022-05-14 23:15:05,-33.6971,-53.4616,59.79,83,91,4.65
20,Port Alfred,ZA,2022-05-14 23:15:05,-33.5906,26.891,61.34,80,15,6.31
21,Candido De Abreu,BR,2022-05-14 23:15:06,-24.5669,-51.3333,62.87,90,100,0.16
22,Kapaa,US,2022-05-14 23:15:06,22.0752,-159.319,82.72,75,40,13.8
23,Puerto Ayora,EC,2022-05-14 23:15:06,-0.7393,-90.3518,72.55,95,82,8.41
24,Jermuk,AM,2022-05-14 23:15:07,39.8417,45.6723,44.15,62,94,0.98
25,Albany,US,2022-05-14 23:11:20,42.6001,-73.9662,76.64,65,98,1.99
26,Butaritari,KI,2022-05-14 23:15:08,3.0707,172.7902,80.94,74,11,8.79
27,Taoudenni,ML,2022-05-14 23:15:08,22.6783,-3.9836,85.1,8,7,11.52
28,Alofi,NU,2022-05-14 23:15:08,-19.0595,-169.9187,76.15,62,83,11.45
29,Ilulissat,GL,2022-05-14 23:15:09,69.2167,-51.1,26.62,54,20,9.22
30,Ushuaia,AR,2022-05-14 23:15:10,-54.8,-68.3,42.46,75,20,9.22
31,Shache,CN,2022-05-14 23:15:10,38.4167,77.2406,63.48,48,96,9.69
32,Nagato,JP,2022-05-14 23:15:10,34.3833,131.2,61.2,61,100,5.19
33,Santa Marta,CO,2022-05-14 23:12:53,11.2408,-74.199,85.89,77,93,1.99
34,Serra Branca,BR,2022-05-14 23:15:11,-6.5333,-38.2667,78.26,67,97,4.21
35,Gushikawa,JP,2022-05-14 23:15:11,26.3544,127.8686,75.2,98,100,13.8
36,Broken Hill,AU,2022-05-14 23:15:12,-31.95,141.4333,62.01,66,68,8.08
37,Amapa,BR,2022-05-14 23:10:42,1.0,-52.0,73.9,99,100,2.37
38,Mar Del Plata,AR,2022-05-14 23:15:12,-38.0023,-57.5575,50.95,69,0,4.61
39,Avarua,CK,2022-05-14 23:15:13,-21.2078,-159.775,77.05,83,75,3.44
40,Atuona,PF,2022-05-14 23:15:13,-9.8,-139.0333,78.15,78,69,15.88
41,Cabo San Lucas,MX,2022-05-14 23:11:21,22.8909,-109.9124,90.7,26,20,17.27
42,Sidi Ali,DZ,2022-05-14 23:15:14,36.0998,0.4206,74.37,49,41,6.17
43,Cape Town,ZA,2022-05-14 23:11:37,-33.9258,18.4232,60.91,71,2,11.01
44,Sambava,MG,2022-05-14 23:15:14,-14.2667,50.1667,71.11,82,2,12.57
45,Flinders,AU,2022-05-14 23:16:15,-34.5833,150.8552,70.05,93,95,5.99
46,Soure,BR,2022-05-14 23:16:16,-0.7167,-48.5233,78.94,89,100,11.18
47,Vila Velha,BR,2022-05-14 23:13:14,-20.3297,-40.2925,76.95,69,75,5.75
48,Hithadhoo,MV,2022-05-14 23:16:16,-0.6,73.0833,82.9,68,99,11.03
49,Palana,RU,2022-05-14 23:16:17,59.1167,159.9667,40.28,84,99,7.58
50,Klyuchi,RU,2022-05-14 23:16:17,52.2667,79.1667,61.07,71,84,6.2
51,Bontang,ID,2022-05-14 23:16:18,0.1333,117.5,77.02,90,100,4.27
52,Tuktoyaktuk,CA,2022-05-14 23:16:18,69.4541,-133.0374,24.8,80,100,9.22
53,Wenling,CN,2022-05-14 23:16:19,28.3669,121.36,52.88,91,100,12.82
54,Manado,ID,2022-05-14 23:16:20,1.487,124.8455,75.97,94,20,1.14
55,Taltal,CL,2022-05-14 23:16:20,-25.4,-70.4833,62.67,74,20,4.88
56,Coihaique,CL,2022-05-14 23:15:15,-45.5752,-72.0662,38.01,87,0,0.0
57,Hilo,US,2022-05-14 23:11:50,19.7297,-155.09,85.28,68,75,4.0
58,Fairview,US,2022-05-14 23:16:21,40.8126,-73.999,68.11,91,100,3.44
59,Sao Filipe,CV,2022-05-14 23:16:22,14.8961,-24.4956,76.06,69,100,8.59
60,Port Elizabeth,ZA,2022-05-14 23:15:18,-33.918,25.5701,53.89,95,0,3.44
61,Mafinga,TZ,2022-05-14 23:16:22,-7.25,35.0667,68.81,67,76,3.6
62,Hermanus,ZA,2022-05-14 23:16:22,-34.4187,19.2345,56.64,78,9,8.16
63,Baiquan,CN,2022-05-14 23:16:23,47.5833,126.0833,49.3,58,98,16.78
64,Haines Junction,CA,2022-05-14 23:16:24,60.7522,-137.5108,44.55,53,100,5.75
65,Georgetown,MY,2022-05-14 23:16:24,5.4112,100.3354,82.33,92,20,5.75
66,Saint-Georges,GD,2022-05-14 23:13:05,12.0564,-61.7485,79.61,76,94,15.95
67,Suraabad,AZ,2022-05-14 23:16:24,40.8192,49.4687,62.85,64,99,7.87
68,Saint-Joseph,RE,2022-05-14 23:16:25,-21.3667,55.6167,66.58,76,40,8.61
69,Tahta,EG,2022-05-14 23:16:25,26.7693,31.5021,80.76,27,100,20.07
70,Praia Da Vitoria,PT,2022-05-14 23:12:18,38.7333,-27.0667,59.76,80,45,20.33
71,Souillac,MU,2022-05-14 23:16:26,-20.5167,57.5167,73.78,78,40,3.44
72,Kruisfontein,ZA,2022-05-14 23:16:27,-34.0033,24.7314,49.89,89,1,4.76
73,Kaitangata,NZ,2022-05-14 23:16:28,-46.2817,169.8464,50.29,72,67,5.53
74,San Juan,AR,2022-05-14 23:14:42,-31.5375,-68.5364,58.59,56,73,15.08
75,Hami,CN,2022-05-14 23:16:28,42.8,93.45,60.96,9,25,9.01
76,Saint-Philippe,RE,2022-05-14 23:16:29,-21.3585,55.7679,67.59,76,51,7.87
77,Jan Kempdorp,ZA,2022-05-14 23:16:29,-27.9225,24.8305,53.71,24,0,4.68
78,Jijiga,ET,2022-05-14 23:16:30,9.35,42.8,62.87,34,27,3.56
79,Busselton,AU,2022-05-14 23:16:30,-33.65,115.3333,56.71,74,98,5.95
80,Severo-Kurilsk,RU,2022-05-14 23:16:31,50.6789,156.125,39.06,92,100,27.63
81,Mwense,ZM,2022-05-14 23:16:31,-10.3845,28.698,62.65,60,0,6.91
82,Bredasdorp,ZA,2022-05-14 23:16:31,-34.5322,20.0403,53.08,83,7,2.59
83,Manokwari,ID,2022-05-14 23:16:32,-0.8667,134.0833,80.85,70,100,2.35
84,Padang,ID,2022-05-14 23:16:32,-0.9492,100.3543,77.05,85,6,3.0
85,Samfya,ZM,2022-05-14 23:16:33,-11.3649,29.5565,58.89,71,1,7.11
86,Nome,US,2022-05-14 23:12:26,64.5011,-165.4064,36.16,69,100,12.66
87,Salinopolis,BR,2022-05-14 23:16:33,-0.6136,-47.3561,79.36,87,95,10.87
88,Okha,RU,2022-05-14 23:17:33,53.5739,142.9478,33.62,100,100,11.88
89,Westport,US,2022-05-14 23:13:57,41.1415,-73.3579,69.85,94,75,4.61
90,Morros,BR,2022-05-14 23:17:34,-9.4467,-46.3003,82.27,45,100,3.15
91,Mahanoro,MG,2022-05-14 23:17:34,-19.9,48.8,68.22,81,40,4.14
92,Kalur Kot,PK,2022-05-14 23:17:35,32.1564,71.2594,93.67,7,38,4.0
93,Saint George,US,2022-05-14 23:17:27,37.1041,-113.5841,97.63,6,0,5.99
94,Sovetskaya,RU,2022-05-14 23:17:35,44.7769,41.1722,49.8,88,53,4.5
95,Senanga,ZM,2022-05-14 23:17:35,-16.1167,23.2667,65.77,46,83,4.79
96,Ribeira Grande,PT,2022-05-14 23:17:36,38.5167,-28.7,59.76,71,37,28.5
97,Te Anau,NZ,2022-05-14 23:17:36,-45.4167,167.7167,52.32,81,99,0.45
98,Marsa Matruh,EG,2022-05-14 23:17:36,31.3525,27.2453,63.97,78,0,6.82
99,Yellowknife,CA,2022-05-14 23:13:03,62.456,-114.3525,59.56,28,97,15.01
100,Provideniya,RU,2022-05-14 23:17:37,64.3833,-173.3,34.59,96,100,7.38
101,Yamada,JP,2022-05-14 23:17:37,39.4667,141.95,55.67,61,100,4.59
102,Kununurra,AU,2022-05-14 23:17:38,-15.7667,128.7333,76.98,83,0,3.44
103,Qurbus,TN,2022-05-14 23:17:38,36.8167,10.5687,66.54,68,5,7.85
104,East London,ZA,2022-05-14 23:17:38,-33.0153,27.9116,60.94,78,39,5.3
105,Vardo,NO,2022-05-14 23:17:39,70.3705,31.1107,31.98,100,100,4.61
106,Okhotsk,RU,2022-05-14 23:17:39,59.3833,143.3,36.79,91,100,14.12
107,Christchurch,NZ,2022-05-14 23:17:39,-43.5333,172.6333,51.94,88,100,10.36
108,Chokurdakh,RU,2022-05-14 23:17:40,70.6333,147.9167,16.14,90,99,2.19
109,Fengrun,CN,2022-05-14 23:17:40,39.8333,118.1167,60.44,33,5,4.0
110,Salalah,OM,2022-05-14 23:17:40,17.0151,54.0924,82.49,74,0,1.14
111,Pevek,RU,2022-05-14 23:17:41,69.7008,170.3133,31.57,96,100,7.96
112,Hobyo,SO,2022-05-14 23:17:41,5.3505,48.5268,80.71,81,56,24.23
113,Iwanai,JP,2022-05-14 23:17:42,42.9744,140.5089,52.25,72,83,8.61
114,Sitka,US,2022-05-14 23:14:38,57.0531,-135.33,48.09,66,75,5.75
115,New Norfolk,AU,2022-05-14 23:17:42,-42.7826,147.0587,61.72,74,41,1.01
116,Belyy Yar,RU,2022-05-14 23:17:42,53.6039,91.3903,49.89,53,0,0.0
117,Zapolyarnyy,RU,2022-05-14 23:17:43,69.4154,30.8136,36.68,87,21,4.05
118,Grindavik,IS,2022-05-14 23:17:43,63.8424,-22.4338,45.07,93,100,28.77
119,Upernavik,GL,2022-05-14 23:17:43,72.7868,-56.1549,13.53,85,12,4.18
120,Fayaoue,NC,2022-05-14 23:17:44,-20.65,166.5333,76.87,71,71,17.2
121,Nikolskoye,RU,2022-05-14 23:17:44,59.7035,30.7861,45.81,96,52,4.88
122,Anloga,GH,2022-05-14 23:17:44,5.7947,0.8973,82.6,78,28,9.71
123,Dwarka,IN,2022-05-14 23:17:45,22.2394,68.9678,82.89,82,0,18.48
124,Nanakuli,US,2022-05-14 23:17:45,21.3906,-158.1547,85.95,46,75,13.8
125,Aloleng,PH,2022-05-14 23:17:45,16.1307,119.7824,83.23,76,74,3.94
126,Rawson,AR,2022-05-14 23:17:46,-43.3002,-65.1023,50.63,48,0,17.38
127,Tommot,RU,2022-05-14 23:17:46,58.9564,126.2925,32.09,80,86,4.74
128,Kavieng,PG,2022-05-14 23:17:46,-2.5744,150.7967,83.61,68,14,8.37
129,Kuzovatovo,RU,2022-05-14 23:17:47,53.5468,47.6866,44.24,93,30,6.2
130,Yaroslavskiy,RU,2022-05-14 23:17:47,44.1683,132.2072,53.1,51,16,11.77
131,Nhulunbuy,AU,2022-05-14 23:17:47,-12.2333,136.7667,77.61,78,30,3.44
132,Rincon,US,2022-05-14 23:17:48,32.296,-81.2354,77.86,65,75,8.05
133,Ancud,CL,2022-05-14 23:17:48,-41.8697,-73.8203,47.71,86,0,6.15
134,Hamilton,US,2022-05-14 23:15:30,39.1834,-84.5333,80.64,65,0,11.5
135,Castro,BR,2022-05-14 23:17:01,-24.7911,-50.0119,56.1,88,99,2.93
136,Santa Fe,AR,2022-05-14 23:17:49,-31.6333,-60.7,60.94,89,57,6.91
137,Kenora,CA,2022-05-14 23:17:49,49.8167,-94.4337,50.97,66,75,19.57
138,Taree,AU,2022-05-14 23:18:49,-31.9,152.4667,73.11,76,22,2.64
139,Mae Hong Son,TH,2022-05-14 23:18:50,19.3003,97.9685,74.86,94,40,1.81
140,Yar-Sale,RU,2022-05-14 23:18:50,66.8333,70.8333,35.83,100,100,9.93
141,San Patricio,US,2022-05-14 23:18:50,28.017,-97.5169,90.32,54,4,17.98
142,Jamestown,US,2022-05-14 23:16:29,42.097,-79.2353,73.04,64,75,3.44
143,Tarakan,ID,2022-05-14 23:18:51,3.3,117.6333,78.3,89,20,4.61
144,Pisco,PE,2022-05-14 23:14:49,-13.7,-76.2167,64.45,82,10,5.75
145,Bethel,US,2022-05-14 23:17:07,41.3712,-73.414,72.18,83,100,10.36
146,Tramagal,PT,2022-05-14 23:18:51,39.45,-8.25,65.26,80,9,1.99
147,Palmer,US,2022-05-14 23:18:51,42.1584,-72.3287,74.57,69,100,12.66
148,Cayenne,GF,2022-05-14 23:18:52,4.9333,-52.3333,82.09,1,20,4.61
149,Umm Lajj,SA,2022-05-14 23:18:52,25.0213,37.2685,90.59,28,0,3.58
150,Cumanayagua,CU,2022-05-14 23:18:53,22.1494,-80.2022,82.15,65,67,7.0
151,Bengkulu,ID,2022-05-14 23:18:53,-3.8004,102.2655,77.27,91,47,3.49
152,Khatanga,RU,2022-05-14 23:18:53,71.9667,102.5,34.77,100,100,11.34
153,Jumla,NP,2022-05-14 23:15:05,29.2747,82.1838,52.93,88,4,3.69
154,Nanortalik,GL,2022-05-14 23:18:54,60.1432,-45.2371,31.95,80,99,5.73
155,Narsaq,GL,2022-05-14 23:18:54,60.9167,-46.05,37.62,72,95,2.8
156,Kitimat,CA,2022-05-14 23:18:54,54.0524,-128.6534,60.91,48,83,1.01
157,Bolshoye Murashkino,RU,2022-05-14 23:18:55,55.7826,44.7754,42.48,92,19,8.21
158,Olinda,BR,2022-05-14 23:18:55,-8.0089,-34.8553,82.13,74,75,9.22
159,Eureka,US,2022-05-14 23:16:29,40.8021,-124.1637,75.67,76,99,5.99
160,Kutum,SD,2022-05-14 23:18:56,14.2,24.6667,76.69,44,79,5.66
161,Broome,US,2022-05-14 23:18:56,42.2506,-75.833,74.68,79,100,8.01
162,Boende,CD,2022-05-14 23:18:56,-0.2167,20.8667,70.95,98,94,2.44
163,Mount Isa,AU,2022-05-14 23:18:57,-20.7333,139.5,69.57,56,6,0.0
164,Carnarvon,AU,2022-05-14 23:18:57,-24.8667,113.6333,62.22,55,0,17.38
165,Arraial Do Cabo,BR,2022-05-14 23:18:57,-22.9661,-42.0278,69.76,83,75,4.61
166,Lagoa,PT,2022-05-14 23:18:58,39.05,-27.9833,59.04,68,12,31.14
167,College,US,2022-05-14 23:18:58,64.8569,-147.8028,49.23,62,75,4.61
168,Greenwood,US,2022-05-14 23:18:58,34.1668,-82.1165,79.81,57,20,0.0
169,Port Hueneme,US,2022-05-14 23:18:59,34.1478,-119.1951,96.78,36,0,12.66
170,Kavaratti,IN,2022-05-14 23:18:59,10.5669,72.642,81.3,79,100,19.42
171,Vitry-Le-Francois,FR,2022-05-14 23:18:59,48.7333,4.5833,58.06,86,90,4.94
172,Claresholm,CA,2022-05-14 23:19:00,50.0333,-113.5852,62.51,19,84,8.05
173,Bluff,NZ,2022-05-14 23:19:00,-46.6,168.3333,48.79,73,69,7.94
174,Sisimiut,GL,2022-05-14 23:19:00,66.9395,-53.6735,27.55,67,64,14.61
175,Ayia Paraskevi,GR,2022-05-14 23:19:01,40.4833,23.05,67.75,77,20,2.3
176,Petropavlovsk-Kamchatskiy,RU,2022-05-14 23:16:08,53.0452,158.6483,41.59,100,75,17.9
177,Oktyabrskoye,RU,2022-05-14 23:19:01,43.0645,44.7417,48.34,93,27,6.71
178,Valdosta,US,2022-05-14 23:19:02,30.8327,-83.2785,84.9,74,20,8.05
179,Migori,KE,2022-05-14 23:19:02,-1.0634,34.4731,63.23,87,88,7.56
180,Kharabali,RU,2022-05-14 23:19:03,47.4196,47.2568,57.6,75,90,3.67
181,Date,JP,2022-05-14 23:19:03,42.4681,140.8681,49.78,78,91,5.64
182,Bopfingen,DE,2022-05-14 23:19:03,48.85,10.35,50.38,84,12,2.13
183,Esperance,AU,2022-05-14 23:19:04,-33.8667,121.9,51.64,72,90,16.96
184,Namatanai,PG,2022-05-14 23:20:04,-3.6667,152.4333,83.64,66,15,3.91
185,Lucapa,AO,2022-05-14 23:20:05,-8.4192,20.7447,67.82,56,2,3.76
186,Asti,IT,2022-05-14 23:20:05,44.8979,8.2068,66.51,84,86,2.91
187,La Ronge,CA,2022-05-14 23:20:06,55.1001,-105.2842,41.25,75,100,12.66
188,Shihezi,CN,2022-05-14 23:17:48,44.3,86.0333,66.7,29,66,4.07
189,Anadyr,RU,2022-05-14 23:20:06,64.75,177.4833,43.3,75,0,6.71
190,Los Llanos De Aridane,ES,2022-05-14 23:20:07,28.6585,-17.9182,64.15,76,20,7.0
191,Devarkonda,IN,2022-05-14 23:20:07,16.7,78.9333,85.14,62,88,2.89
192,Diego De Almagro,CL,2022-05-14 23:20:07,-26.3667,-70.05,60.69,35,0,1.5
193,Tuatapere,NZ,2022-05-14 23:20:08,-46.1333,167.6833,49.96,82,78,3.85
194,Matara,LK,2022-05-14 23:15:48,5.9485,80.5353,77.23,93,100,14.52
195,Waipawa,NZ,2022-05-14 23:20:08,-41.4122,175.5153,54.63,91,100,4.72
196,Kurchum,KZ,2022-05-14 23:20:09,48.5722,83.6542,61.79,27,100,3.96
197,Hofn,IS,2022-05-14 23:20:09,64.2539,-15.2082,40.12,93,100,16.87
198,Agadez,NE,2022-05-14 23:20:10,19.75,10.25,79.81,17,1,10.89
199,Polunochnoye,RU,2022-05-14 23:20:10,60.8697,60.4153,45.99,86,100,8.39
200,Springfield,US,2022-05-14 23:20:10,37.2153,-93.2982,84.88,59,0,15.01
201,Tasiilaq,GL,2022-05-14 23:20:11,65.6145,-37.6368,28.56,74,100,3.4
202,Abha,SA,2022-05-14 23:20:11,18.2164,42.5053,64.65,14,0,4.61
203,Tiksi,RU,2022-05-14 23:20:12,71.6872,128.8694,15.58,90,31,4.9
204,Joshimath,IN,2022-05-14 23:20:12,30.5667,79.5667,63.68,48,15,6.2
205,Semme,FR,2022-05-14 23:20:13,46.1963,1.5007,68.41,78,100,6.67
206,Dikson,RU,2022-05-14 23:20:13,73.5069,80.5464,30.74,86,100,5.61
207,Biak,ID,2022-05-14 23:20:13,-0.9131,122.8766,77.77,83,99,1.52
208,Simao,CN,2022-05-14 23:20:14,22.7886,100.9748,63.18,96,12,2.21
209,Thompson,CA,2022-05-14 23:20:14,55.7435,-97.8558,42.96,100,100,2.3
210,Mega,ET,2022-05-14 23:16:24,4.05,38.3,58.82,78,71,7.36
211,Cheyenne,US,2022-05-14 23:20:15,41.14,-104.8203,71.78,22,75,11.99
212,Lavrentiya,RU,2022-05-14 23:20:15,65.5833,-171.0,31.42,99,98,7.9
213,Havelock,US,2022-05-14 23:20:16,34.8791,-76.9013,75.18,85,0,9.22
214,Ciudad Bolivar,VE,2022-05-14 23:20:16,8.1222,-63.5497,87.57,50,91,11.25
215,Bilibino,RU,2022-05-14 23:20:17,68.0546,166.4372,35.33,100,100,9.13
216,Wanning,CN,2022-05-14 23:20:17,18.8003,110.3967,79.34,90,47,5.12
217,Agua Prieta,MX,2022-05-14 23:20:18,31.3,-109.5667,96.98,3,4,1.05
218,Zhigansk,RU,2022-05-14 23:20:18,66.7697,123.3711,24.12,69,13,10.87
219,Raudeberg,NO,2022-05-14 23:20:19,61.9875,5.1352,44.87,88,100,10.0
220,Apeldoorn,NL,2022-05-14 23:20:20,52.21,5.9694,55.89,81,100,2.3
221,Sao Miguel Do Araguaia,BR,2022-05-14 23:20:20,-13.275,-50.1628,77.9,48,99,1.48
222,Pa Sang,TH,2022-05-14 23:20:21,18.5262,98.9394,77.2,79,93,2.42
223,Yeppoon,AU,2022-05-14 23:20:21,-23.1333,150.7333,69.58,79,0,2.04
224,Dumas,US,2022-05-14 23:20:21,35.8656,-101.9732,90.61,6,0,0.0
225,Faanui,PF,2022-05-14 23:20:22,-16.4833,-151.75,81.46,66,0,14.16
226,Vostok,RU,2022-05-14 23:20:23,46.4856,135.8833,44.22,66,73,11.45
227,Toktogul,KG,2022-05-14 23:20:23,41.8708,72.9402,53.67,93,100,0.47
228,Alice Springs,AU,2022-05-14 23:20:23,-23.7,133.8833,63.95,63,75,1.14
229,Laguna,US,2022-05-14 23:21:24,38.421,-121.4238,93.49,22,0,11.5
230,Carbonia,IT,2022-05-14 23:21:24,39.1672,8.5222,61.45,55,56,3.85
231,Bara,NG,2022-05-14 23:21:25,10.3744,10.7288,85.46,43,25,4.43
232,Sakakah,SA,2022-05-14 23:21:25,29.9697,40.2064,76.57,17,4,9.62
233,Pangnirtung,CA,2022-05-14 23:21:25,66.1451,-65.7125,16.47,96,79,0.92
234,Lebu,CL,2022-05-14 23:21:26,-37.6167,-73.65,50.85,85,8,14.67
235,Plainfield,US,2022-05-14 23:21:12,40.6168,-74.4173,68.65,97,100,0.0
236,Ayorou,NE,2022-05-14 23:21:26,14.7308,0.9174,93.13,29,100,8.75
237,Asahikawa,JP,2022-05-14 23:21:27,43.7678,142.3703,52.81,62,75,10.36
238,Sundsvall,SE,2022-05-14 23:21:27,62.3913,17.3063,42.76,65,22,5.75
239,Ha Tinh,VN,2022-05-14 23:21:27,18.3333,105.9,78.6,94,97,1.28
240,Moose Factory,CA,2022-05-14 23:21:28,51.2585,-80.6094,73.4,64,0,8.05
241,Port Lincoln,AU,2022-05-14 23:21:28,-34.7333,135.8667,61.65,78,11,20.24
242,Bambous Virieux,MU,2022-05-14 23:21:29,-20.3428,57.7575,73.65,78,40,3.44
243,Torbay,CA,2022-05-14 23:21:29,47.6666,-52.7314,35.28,87,75,7.0
244,Camacha,PT,2022-05-14 23:21:30,33.0833,-16.3333,62.02,88,20,3.44
245,Sistranda,NO,2022-05-14 23:21:30,63.7256,8.834,42.76,80,99,20.87
246,Meulaboh,ID,2022-05-14 23:20:45,4.1363,96.1285,78.39,90,83,2.08
247,Kumta,IN,2022-05-14 23:21:30,14.4167,74.4,82.09,80,100,9.86
248,Balykshi,KZ,2022-05-14 23:21:31,47.0667,51.8667,55.4,94,65,6.71
249,Jalu,LY,2022-05-14 23:21:31,29.0331,21.5482,69.91,44,0,11.61
250,Floresta,BR,2022-05-14 23:21:31,-8.6011,-38.5686,77.65,71,94,17.49
251,Victoria,HK,2022-05-14 23:19:56,22.2855,114.1577,73.96,93,100,18.99
252,Yarmouth,US,2022-05-14 23:21:32,41.7057,-70.2286,69.91,90,0,10.36
253,Paragominas,BR,2022-05-14 23:19:23,-2.9667,-47.4833,74.1,98,72,3.78
254,Aykhal,RU,2022-05-14 23:21:32,66.0,111.5,35.42,96,100,4.05
255,Sept-Iles,CA,2022-05-14 23:21:01,50.2001,-66.3821,55.92,50,75,2.3
256,Husavik,IS,2022-05-14 23:21:33,66.0449,-17.3389,37.89,84,85,10.22
257,Pangkalanbuun,ID,2022-05-14 23:21:33,-2.6833,111.6167,76.66,91,98,2.04
258,San Quintin,MX,2022-05-14 23:21:33,30.4833,-115.95,72.77,48,8,11.72
259,Dandong,CN,2022-05-14 23:21:34,40.1292,124.3947,54.43,34,0,2.64
260,Samarai,PG,2022-05-14 23:21:34,-10.6167,150.6667,83.21,73,12,8.52
261,Moron,AR,2022-05-14 23:21:34,-34.6534,-58.6198,60.55,45,61,6.42
262,Ampanihy,MG,2022-05-14 23:21:35,-24.7,44.75,66.06,72,0,5.3
263,Sabha,LY,2022-05-14 23:21:35,27.0377,14.4283,69.21,25,0,9.95
264,Constitucion,CL,2022-05-14 23:18:34,-35.3333,-72.4167,53.26,63,52,8.14
265,Puerto Del Rosario,ES,2022-05-14 23:21:35,28.5004,-13.8627,69.55,78,0,8.05
266,Vilyuysk,RU,2022-05-14 23:21:36,63.7553,121.6247,32.79,60,19,4.18
267,Port Macquarie,AU,2022-05-14 23:21:36,-31.4333,152.9167,71.89,83,69,5.32
268,Carballo,ES,2022-05-14 23:21:36,43.213,-8.691,65.62,84,86,4.32
269,Rio Verde De Mato Grosso,BR,2022-05-14 23:21:37,-18.9181,-54.8442,81.73,48,80,2.21
270,Odweyne,SO,2022-05-14 23:21:37,9.4092,45.064,75.87,37,70,4.16
271,Mayor Pablo Lagerenza,PY,2022-05-14 23:21:37,-19.9309,-60.7718,69.06,75,91,11.43
272,Teknaf,BD,2022-05-14 23:21:38,20.8624,92.3058,81.43,87,23,5.61
273,Halifax,CA,2022-05-14 23:21:32,44.6453,-63.5724,66.2,45,60,8.05
274,Contamana,PE,2022-05-14 23:21:38,-7.3333,-75.0167,80.58,74,80,3.13
275,Imperial Beach,US,2022-05-14 23:18:22,32.5839,-117.1131,97.23,27,0,10.36
276,Sligo,IE,2022-05-14 23:22:39,54.2697,-8.4694,50.68,79,72,4.09
277,Srednekolymsk,RU,2022-05-14 23:22:39,67.45,153.6833,25.77,83,100,5.61
278,Homer,US,2022-05-14 23:22:39,59.6425,-151.5483,52.03,52,20,10.36
279,Vila Franca Do Campo,PT,2022-05-14 23:22:40,37.7167,-25.4333,63.01,82,100,19.15
280,Ravar,IR,2022-05-14 23:22:40,31.2656,56.8055,63.61,33,2,8.48
281,Beringovskiy,RU,2022-05-14 23:22:40,63.05,179.3167,39.47,87,100,3.94
282,Talnakh,RU,2022-05-14 23:22:41,69.4865,88.3972,35.37,100,100,6.33
283,Tara,RU,2022-05-14 23:22:41,56.8944,74.371,55.24,77,100,6.73
284,Washougal,US,2022-05-14 23:20:08,45.5826,-122.3534,71.38,45,75,16.11
285,Ixtapa,MX,2022-05-14 23:22:41,20.7,-105.2,81.63,65,40,8.05
286,Yuzhnyy,RU,2022-05-14 23:22:42,53.2542,83.6936,68.38,28,0,8.95
287,Korostarcsa,HU,2022-05-14 23:22:42,46.8833,21.0333,54.99,71,52,4.03
288,Longyearbyen,SJ,2022-05-14 23:22:43,78.2186,15.6401,19.11,91,68,3.18
289,Mecca,SA,2022-05-14 23:17:48,21.4267,39.8261,89.71,22,0,5.99
290,Shwebo,MM,2022-05-14 23:22:43,22.5667,95.7,83.1,67,81,11.5
291,Kamenka,RU,2022-05-14 23:22:43,51.3223,42.7678,50.32,96,94,4.34
292,Santa Cruz Del Sur,CU,2022-05-14 23:22:44,20.7147,-77.9956,82.72,70,48,17.36
293,Oksfjord,NO,2022-05-14 23:22:44,70.2396,22.3479,41.18,97,100,3.78
294,Manta,EC,2022-05-14 23:22:44,-0.95,-80.7333,78.58,78,75,10.36
295,Lamballe,FR,2022-05-14 23:22:45,48.4676,-2.5144,64.51,91,100,5.01
296,Isangel,VU,2022-05-14 23:22:45,-19.55,169.2667,77.72,61,100,14.76
297,Calvinia,ZA,2022-05-14 23:22:45,-31.4707,19.776,48.79,51,0,7.02
298,Olenino,RU,2022-05-14 23:22:46,56.2092,33.4889,40.19,98,81,5.77
299,Tucurui,BR,2022-05-14 23:22:46,-3.7661,-49.6725,75.72,96,64,3.49
300,Talara,PE,2022-05-14 23:22:47,-4.5772,-81.2719,72.36,68,0,9.22
301,Khorixas,NA,2022-05-14 23:22:47,-20.3667,14.9667,68.04,23,0,6.8
302,Fort Nelson,CA,2022-05-14 23:22:47,58.8053,-122.7002,45.99,81,75,4.61
303,Saint Anthony,US,2022-05-14 23:22:48,45.0205,-93.218,73.74,38,0,18.41
304,Emmett,US,2022-05-14 23:17:48,43.8735,-116.4993,72.37,48,100,3.0
305,Katunino,RU,2022-05-14 23:22:48,64.3862,40.6298,47.89,85,100,5.57
306,Berberati,CF,2022-05-14 23:22:48,4.2612,15.7922,69.28,92,80,1.59
307,Vestmannaeyjar,IS,2022-05-14 23:22:49,63.4427,-20.2734,45.81,86,100,26.4
308,Vernon,CA,2022-05-14 23:21:10,50.2581,-119.2691,59.76,51,93,2.3
309,Lasa,IT,2022-05-14 23:22:49,46.6166,10.7002,61.68,90,29,1.25
310,Gobabis,NA,2022-05-14 23:22:49,-22.45,18.9667,59.04,28,0,8.28
311,Mackay,AU,2022-05-14 23:22:50,-21.15,149.2,74.05,81,16,4.43
312,Dmitriyevka,RU,2022-05-14 23:22:50,54.75,55.3333,49.55,88,99,8.1
313,Arkhangelsk,RU,2022-05-14 23:22:51,64.5401,40.5433,48.11,93,40,2.24
314,Miami,US,2022-05-14 23:18:58,25.7743,-80.1937,84.2,72,40,10.36
315,Fortuna,US,2022-05-14 23:22:51,40.5982,-124.1573,68.94,75,0,14.97
316,Kajaani,FI,2022-05-14 23:22:51,64.2273,27.7285,39.25,87,0,2.3
317,Saskylakh,RU,2022-05-14 23:22:52,71.9167,114.0833,26.04,95,100,12.17
318,Igarka,RU,2022-05-14 23:20:43,67.4667,86.5833,34.79,100,100,6.06
319,Yumen,CN,2022-05-14 23:22:52,40.2833,97.2,48.33,27,1,5.84
320,Flin Flon,CA,2022-05-14 23:22:52,54.7682,-101.865,39.04,87,100,10.36
321,Dingzhou,CN,2022-05-14 23:20:10,38.5131,114.9956,57.31,36,61,4.74
322,Great Bend,US,2022-05-14 23:22:53,38.3645,-98.7648,80.73,36,40,12.66
323,Jelgava,LV,2022-05-14 23:23:53,56.65,23.7128,48.24,97,71,5.86
324,Tessalit,ML,2022-05-14 23:23:54,20.1986,1.0114,83.84,10,0,8.39
325,Tigil,RU,2022-05-14 23:23:54,57.8,158.6667,55.29,59,98,12.39
326,Airai,TL,2022-05-14 23:23:54,-8.9266,125.4092,63.45,92,79,1.05
327,Ostrovnoy,RU,2022-05-14 23:23:55,68.0531,39.5131,35.98,82,69,6.67
328,Sharan,RU,2022-05-14 23:23:55,54.8167,54.0,45.97,92,93,7.23
329,Imeni Morozova,RU,2022-05-14 23:23:56,59.9757,31.0376,45.95,1,43,7.34
330,Port Hardy,CA,2022-05-14 23:23:56,50.6996,-127.4199,53.78,66,75,17.27
331,Sao Joao Da Barra,BR,2022-05-14 23:23:56,-21.6403,-41.0511,73.09,71,99,8.81
332,Verkhnyaya Inta,RU,2022-05-14 23:23:57,65.9811,60.3094,44.15,89,49,9.37
333,Mookane,BW,2022-05-14 23:23:57,-23.688,26.6595,64.33,33,2,5.95
334,Tamiahua,MX,2022-05-14 23:23:57,21.2667,-97.45,83.52,61,16,12.84
335,Kupang,ID,2022-05-14 23:23:58,-10.1667,123.5833,78.62,86,23,5.95
336,Dunmore Town,BS,2022-05-14 23:23:58,25.5,-76.65,78.64,80,36,13.56
337,Roald,NO,2022-05-14 23:23:58,62.5833,6.1333,48.76,87,100,12.66
338,Portland,US,2022-05-14 23:20:00,45.5234,-122.6762,71.53,41,40,16.11
339,Little Current,CA,2022-05-14 23:24:00,45.9793,-81.9248,68.05,89,41,4.68
340,Topolobampo,MX,2022-05-14 23:24:00,25.6,-109.05,87.71,30,75,17.27
341,Port Hedland,AU,2022-05-14 23:24:01,-20.3167,118.5667,68.05,73,1,8.05
342,Puerto Baquerizo Moreno,EC,2022-05-14 23:22:47,-0.9,-89.6,72.5,85,44,9.13
343,Kemin,KG,2022-05-14 23:24:01,42.7846,75.6892,51.82,97,100,0.22
344,Auch,FR,2022-05-14 23:24:01,43.65,0.5833,67.44,60,100,2.06
345,Nouadhibou,MR,2022-05-14 23:24:02,20.931,-17.0347,75.18,53,89,21.85
346,Fairbanks,US,2022-05-14 23:20:03,64.8378,-147.7164,49.24,61,75,4.61
347,Acarau,BR,2022-05-14 23:24:02,-2.8856,-40.12,78.71,86,85,12.88
348,Alpena,US,2022-05-14 23:24:03,45.0617,-83.4327,64.72,97,40,3.44
349,Sampit,ID,2022-05-14 23:24:03,-2.5333,112.95,75.94,91,97,0.76
350,Bang Saphan,TH,2022-05-14 23:24:04,11.2126,99.5117,79.03,92,99,3.71
351,Sao Felix Do Xingu,BR,2022-05-14 23:20:29,-6.6447,-51.995,74.32,95,46,1.88
352,Alta Floresta,BR,2022-05-14 23:24:04,-9.8756,-56.0861,77.68,74,54,2.13
353,Cidreira,BR,2022-05-14 23:23:51,-30.1811,-50.2056,63.86,94,100,6.64
354,Rocha,UY,2022-05-14 23:24:05,-34.4833,-54.3333,52.48,88,17,5.17
355,Weihai,CN,2022-05-14 23:24:05,37.5017,122.1136,56.79,43,9,5.91
356,Mutoko,ZW,2022-05-14 23:24:06,-17.397,32.2268,53.94,64,0,2.64
357,Tura,IN,2022-05-14 23:24:06,25.5198,90.2201,73.15,98,91,8.5
358,Rio Gallegos,AR,2022-05-14 23:21:38,-51.6226,-69.2181,41.05,81,0,10.36
359,Monopoli,IT,2022-05-14 23:24:06,40.9559,17.2896,69.71,80,36,5.95
360,Bud,US,2022-05-14 23:24:07,39.447,-86.1758,71.02,86,96,5.73
361,Kudahuvadhoo,MV,2022-05-14 23:21:19,2.6708,72.8944,83.62,76,100,19.3
362,Milkovo,RU,2022-05-14 23:24:07,54.7167,158.6167,47.48,71,97,4.7
363,Saint-Pierre,RE,2022-05-14 23:20:52,-21.3393,55.4781,67.68,64,40,6.91
364,Beberibe,BR,2022-05-14 23:25:08,-4.1797,-38.1306,78.51,89,28,9.95
365,Muskogee,US,2022-05-14 23:25:09,35.5834,-95.3336,90.75,60,0,3.44
366,Tezu,IN,2022-05-14 23:25:10,27.9167,96.1667,71.46,99,100,3.29
367,Dudinka,RU,2022-05-14 23:25:10,69.4058,86.1778,40.62,100,100,4.52
368,Brae,GB,2022-05-14 23:25:11,60.3964,-1.353,49.42,86,89,6.46
369,Berlevag,NO,2022-05-14 23:25:11,70.8578,29.0864,35.4,80,20,0.0
370,Rockport,US,2022-05-14 23:20:24,28.0206,-97.0544,86.04,74,0,16.11
371,Port Keats,AU,2022-05-14 23:25:12,-14.25,129.55,80.46,73,24,2.66
372,Klamath Falls,US,2022-05-14 23:22:24,42.2249,-121.7817,70.86,43,99,4.0
373,Puerto Escondido,MX,2022-05-14 23:25:12,15.85,-97.0667,90.43,58,0,11.5
374,Ponta Do Sol,PT,2022-05-14 23:25:13,32.6667,-17.1,68.0,83,12,7.4
375,Aklavik,CA,2022-05-14 23:25:13,68.2191,-135.0107,26.6,68,100,8.05
376,Shingu,JP,2022-05-14 23:25:13,33.7333,135.9833,66.67,37,80,2.39
377,Itarema,BR,2022-05-14 23:25:14,-2.9248,-39.9167,78.46,87,98,12.57
378,Mount Gambier,AU,2022-05-14 23:25:14,-37.8333,140.7667,57.29,85,36,11.92
379,Iracoubo,GF,2022-05-14 23:25:15,5.4802,-53.2011,78.57,89,99,9.8
380,Betafo,MG,2022-05-14 23:25:15,-19.8333,46.85,54.0,86,1,3.58
381,Moerai,PF,2022-05-14 23:25:15,-22.4333,-151.3333,79.92,80,78,20.54
382,San Vicente,AR,2022-05-14 23:25:16,-26.6167,-54.1333,58.37,100,100,1.74
383,Lodwar,KE,2022-05-14 23:25:16,3.1191,35.5973,85.33,42,60,17.27
384,Mildura,AU,2022-05-14 23:25:17,-34.2,142.15,59.07,95,0,6.76
385,Chimoio,MZ,2022-05-14 23:25:17,-19.1164,33.4833,56.66,95,0,2.91
386,Puerto Cabezas,NI,2022-05-14 23:25:17,14.0351,-83.3888,80.56,94,75,4.61
387,Santa Barbara,US,2022-05-14 23:25:18,34.7333,-120.0343,82.35,32,0,14.97
388,Roros,NO,2022-05-14 23:25:18,62.5747,11.3842,37.24,70,100,4.61
389,Makakilo City,US,2022-05-14 23:25:18,21.3469,-158.0858,82.72,48,75,14.97
390,Vila,PT,2022-05-14 23:25:19,42.0304,-8.1588,52.7,88,91,4.74
391,Necochea,AR,2022-05-14 23:25:19,-38.5473,-58.7368,48.65,75,2,10.49
392,Chara,RU,2022-05-14 23:25:19,56.9064,118.2631,38.21,72,46,1.23
393,Amahai,ID,2022-05-14 23:25:20,-3.3333,128.9167,80.11,82,99,3.65
394,Sibolga,ID,2022-05-14 23:25:20,1.7427,98.7792,77.47,86,98,2.71
395,Geraldton,AU,2022-05-14 23:25:21,-28.7667,114.6,59.41,88,100,4.61
396,Misratah,LY,2022-05-14 23:25:21,32.3754,15.0925,68.52,57,0,7.76
397,Bathsheba,BB,2022-05-14 23:25:21,13.2167,-59.5167,81.21,78,40,18.41
398,Kansanshi,ZM,2022-05-14 23:25:22,-12.0951,26.4273,53.69,72,0,4.34
399,Iraucuba,BR,2022-05-14 23:25:22,-3.7461,-39.7833,75.2,89,87,4.54
400,Karratha,AU,2022-05-14 23:25:23,-20.7377,116.8463,71.62,53,0,14.92
401,Saldanha,ZA,2022-05-14 23:22:26,-33.0117,17.9442,51.85,83,0,12.62
402,Ahipara,NZ,2022-05-14 23:25:23,-35.1667,173.1667,66.61,73,60,10.33
403,West Wendover,US,2022-05-14 23:25:23,40.7391,-114.0733,79.81,16,0,3.44
404,Bereda,ES,2022-05-14 23:25:24,43.2686,-7.5406,56.3,98,100,1.7
405,Nacala,MZ,2022-05-14 23:25:24,-14.5428,40.6728,68.77,93,5,6.04
406,Lompoc,US,2022-05-14 23:25:13,34.6391,-120.4579,90.84,62,0,23.0
407,Jacareacanga,BR,2022-05-14 23:26:25,-6.2222,-57.7528,75.52,97,98,0.72
408,Benghazi,LY,2022-05-14 23:22:15,32.1167,20.0667,66.13,74,0,7.81
409,Evensk,RU,2022-05-14 23:25:19,61.95,159.2333,35.4,97,100,6.17
410,Madanpur,IN,2022-05-14 23:26:25,23.0167,88.4833,84.18,83,65,12.93
411,Jibuti,DJ,2022-05-14 23:26:25,11.5,42.5,84.4,23,0,6.87
412,Luderitz,NA,2022-05-14 23:26:26,-26.6481,15.1594,60.58,45,14,8.72
413,Port-Gentil,GA,2022-05-14 23:26:26,-0.7193,8.7815,81.09,84,100,10.04
414,Katsuura,JP,2022-05-14 23:22:09,35.1333,140.3,61.9,80,100,24.4
415,Bacolod,PH,2022-05-14 23:26:27,10.6667,122.95,80.92,76,100,2.01
416,Colombia,CU,2022-05-14 23:26:27,20.9881,-77.4297,79.29,74,72,4.88
417,Panuco,MX,2022-05-14 23:26:27,22.05,-98.1667,84.38,42,6,16.67
418,Tromso,NO,2022-05-14 23:26:28,69.6496,18.957,41.02,87,75,5.75
419,Koutiala,ML,2022-05-14 23:26:28,12.3917,-5.4642,91.81,9,36,9.53
420,Ouadda,CF,2022-05-14 23:26:28,8.0777,22.4007,68.14,94,100,2.77
421,Shakawe,BW,2022-05-14 23:26:29,-18.3667,21.85,61.27,35,2,2.17
422,Tahe,CN,2022-05-14 23:26:29,52.3333,124.7333,39.4,38,0,14.34
423,Touros,BR,2022-05-14 23:26:29,-5.1989,-35.4608,78.91,84,59,12.5
424,Prince George,CA,2022-05-14 23:26:30,53.9166,-122.753,56.25,38,40,5.75
425,Latehar,IN,2022-05-14 23:26:30,23.75,84.5,80.19,32,9,5.99
426,Denpasar,ID,2022-05-14 23:23:44,-8.65,115.2167,78.46,94,20,2.3
427,Wysokie Mazowieckie,PL,2022-05-14 23:26:30,52.9166,22.5171,44.92,94,33,8.9
428,Roebourne,AU,2022-05-14 23:26:31,-20.7833,117.1333,71.51,52,0,15.52
429,Redlands,US,2022-05-14 23:26:31,34.0556,-117.1825,99.5,11,20,6.91
430,Willmar,US,2022-05-14 23:26:32,45.1219,-95.0433,67.95,37,0,19.57
431,Tombouctou,ML,2022-05-14 23:26:32,20.0,-3.0,81.75,8,4,12.28
432,Marawi,PH,2022-05-14 23:26:32,7.9986,124.2928,72.27,90,100,0.6
433,Marsh Harbour,BS,2022-05-14 23:25:15,26.5412,-77.0636,78.49,77,75,10.76
434,Sorong,ID,2022-05-14 23:26:33,-0.8833,131.25,78.73,83,93,2.68
435,Atar,MR,2022-05-14 23:26:33,20.5169,-13.0499,93.2,12,86,7.85
436,Khor,RU,2022-05-14 23:26:33,47.8861,134.9464,53.22,53,64,16.93
437,Capanema,BR,2022-05-14 23:26:34,-1.1958,-47.1808,74.82,98,99,3.74
438,Leningradskiy,RU,2022-05-14 23:26:34,69.3833,178.4167,35.89,100,100,5.53
439,Maku,IR,2022-05-14 23:26:34,39.2911,44.4521,56.91,52,92,6.85
440,Fare,PF,2022-05-14 23:26:35,-16.7,-151.0167,80.62,72,1,13.73
441,Omsukchan,RU,2022-05-14 23:26:35,62.5333,155.8,32.9,99,100,5.39
442,Krasnaya Gora,RU,2022-05-14 23:26:35,52.9995,31.6023,44.56,96,60,9.4
443,Wuwei,CN,2022-05-14 23:26:36,37.9281,102.6414,45.91,53,3,3.53
444,Buraydah,SA,2022-05-14 23:26:36,26.326,43.975,75.65,12,0,8.9
445,Poro,PH,2022-05-14 23:26:36,10.6292,124.4087,80.35,80,100,7.36
446,Oyama,JP,2022-05-14 23:26:37,36.3,139.8,58.98,80,100,4.94
447,Myitkyina,MM,2022-05-14 23:26:37,25.3833,97.4,72.59,99,100,0.29
448,Guiren,CN,2022-05-14 23:26:37,33.6697,118.1889,59.67,35,96,5.53
449,Poum,NC,2022-05-14 23:26:38,-20.2333,164.0167,77.4,74,79,15.05
450,Sur,OM,2022-05-14 23:26:38,22.5667,59.5289,82.74,66,0,1.19
451,Paracuru,BR,2022-05-14 23:26:39,-3.41,-39.0306,82.11,86,87,9.71
452,Valparaiso,CL,2022-05-14 23:26:39,-33.0393,-71.6273,55.47,85,0,3.44
453,Mao,ES,2022-05-14 23:27:39,39.8885,4.2658,63.16,82,0,5.75
454,Hasaki,JP,2022-05-14 23:27:40,35.7333,140.8333,63.0,69,100,19.48
455,Batagay-Alyta,RU,2022-05-14 23:27:40,67.8006,130.4114,14.77,81,16,2.39
456,Kushmurun,KZ,2022-05-14 23:27:40,52.4503,64.6311,50.0,65,27,6.58
457,Sozimskiy,RU,2022-05-14 23:27:41,59.7418,52.2482,44.94,90,100,5.66
458,Naryan-Mar,RU,2022-05-14 23:27:41,67.6713,53.087,37.94,93,10,10.31
459,Vanavara,RU,2022-05-14 23:26:15,60.34,102.2797,52.72,56,2,1.43
460,Williston,US,2022-05-14 23:27:41,48.147,-103.618,62.82,45,88,8.99
461,Mandurah,AU,2022-05-14 23:27:42,-32.55,115.7,55.9,70,98,6.2
462,Kotma,IN,2022-05-14 23:23:37,23.2,81.9667,83.01,20,38,5.44
463,Inhambane,MZ,2022-05-14 23:27:42,-23.865,35.3833,69.28,77,0,6.2
464,Jiwani,PK,2022-05-14 23:27:42,25.05,61.7417,83.01,70,0,5.12
465,Pangoa,PE,2022-05-14 23:27:43,-12.1167,-73.0,75.67,73,38,1.88
466,Sembakung,ID,2022-05-14 23:27:43,3.8167,117.25,75.85,97,100,1.19
467,Port Blair,IN,2022-05-14 23:27:43,11.6667,92.75,78.84,94,75,2.3
468,Coquimbo,CL,2022-05-14 23:27:44,-29.9533,-71.3436,55.13,94,100,8.05
469,Shangzhi,CN,2022-05-14 23:27:44,45.2167,127.9667,50.29,41,74,14.41
470,Muros,ES,2022-05-14 23:27:45,42.7762,-9.0603,60.31,90,81,8.79
471,Mayo,US,2022-05-14 23:27:45,38.8876,-76.5119,69.75,93,75,3.44
472,Naze,JP,2022-05-14 23:27:38,28.3667,129.4833,65.32,82,100,13.62
473,Dong Hoi,VN,2022-05-14 23:27:45,17.4833,106.6,80.13,85,64,2.91
474,Kalmunai,LK,2022-05-14 23:27:46,7.4167,81.8167,79.25,83,100,6.76
475,Lorengau,PG,2022-05-14 23:27:46,-2.0226,147.2712,84.22,67,90,6.24
476,Barao De Melgaco,BR,2022-05-14 23:27:46,-16.1944,-55.9675,81.72,42,61,3.87
477,Khudumelapye,BW,2022-05-14 23:27:47,-23.8833,24.75,63.7,34,4,7.85
478,Quatre Cocos,MU,2022-05-14 23:26:11,-20.2078,57.7625,73.51,77,71,11.14
479,Krasnyy Chikoy,RU,2022-05-14 23:27:47,50.3643,108.7512,48.38,47,97,3.18
480,Anamur,TR,2022-05-14 23:27:47,36.0751,32.8369,68.4,64,62,5.55
481,Athabasca,CA,2022-05-14 23:25:59,54.7169,-113.2854,61.21,38,100,9.82
482,Ceres,US,2022-05-14 23:27:48,37.5949,-120.9577,91.72,22,0,19.57
483,Mendi,PG,2022-05-14 23:27:48,-6.1761,143.6513,62.08,86,87,1.41
484,Luxor,EG,2022-05-14 23:27:49,25.6989,32.6421,89.65,25,0,4.61
485,Egvekinot,RU,2022-05-14 23:27:49,66.3167,-179.1667,28.63,99,100,4.59
486,Shar,KZ,2022-05-14 23:27:49,49.5886,81.0453,60.71,72,100,4.5
487,Racovita,RO,2022-05-14 23:27:50,45.6983,21.6358,62.8,74,100,2.48
488,Kieta,PG,2022-05-14 23:27:50,-6.2167,155.6333,84.25,64,51,1.68
489,Surt,LY,2022-05-14 23:27:50,31.2089,16.5887,67.3,58,0,8.23
490,Castro Verde,PT,2022-05-14 23:27:51,37.6983,-8.0858,62.02,85,15,7.78
491,Ornskoldsvik,SE,2022-05-14 23:27:51,63.2909,18.7153,41.95,75,6,16.11
492,Boyolangu,ID,2022-05-14 23:27:51,-8.1181,111.8935,76.14,91,94,0.83
493,Mason City,US,2022-05-14 23:27:52,43.1536,-93.201,77.32,37,0,17.27
494,Hit,IQ,2022-05-14 23:27:52,33.6416,42.8251,79.75,18,75,12.62
495,Shahpura,IN,2022-05-14 23:27:52,27.3833,75.9667,86.7,18,1,8.63
496,San Juan Del Cesar,CO,2022-05-14 23:27:53,10.7711,-73.0031,85.15,84,100,4.56
497,Rio Grande,BR,2022-05-14 23:27:53,-32.035,-52.0986,60.94,92,100,9.82
498,Lachute,CA,2022-05-14 23:25:32,45.6501,-74.3325,86.02,70,3,5.59
499,Port Moresby,PG,2022-05-14 23:25:18,-9.4431,147.1797,85.42,74,40,11.5
500,Dekar,BW,2022-05-14 23:27:54,-21.5333,21.9333,64.0,32,2,8.05
501,Panaba,MX,2022-05-14 23:27:54,21.2833,-88.2667,83.17,46,0,15.93
502,Ca Mau,VN,2022-05-14 23:28:54,9.1769,105.15,79.83,87,99,3.47
503,Ola,RU,2022-05-14 23:28:55,59.5833,151.2833,41.14,91,100,21.68
504,Corinto,GR,2022-05-14 23:28:55,37.9407,22.9573,64.42,68,79,2.21
505,Tilichiki,RU,2022-05-14 23:28:55,60.4667,166.1,34.38,99,100,2.55
506,Changli,CN,2022-05-14 23:28:56,39.7042,119.1506,58.62,41,0,6.06
507,Mogadishu,SO,2022-05-14 23:28:47,2.0371,45.3438,80.33,83,79,14.27
508,Qaqortoq,GL,2022-05-14 23:28:56,60.7167,-46.0333,32.58,74,94,3.11
509,Richards Bay,ZA,2022-05-14 23:28:56,-28.783,32.0377,67.03,92,95,6.06
510,Melilla,ES,2022-05-14 23:28:57,35.2937,-2.9383,66.58,88,100,10.36
511,Sorland,NO,2022-05-14 23:28:57,67.667,12.6934,42.66,88,33,24.54
512,Jaque,PA,2022-05-14 23:28:57,7.5175,-78.1703,80.92,83,75,3.65
513,Half Moon Bay,US,2022-05-14 23:28:58,37.4636,-122.4286,87.89,66,0,26.46
514,Pato Branco,BR,2022-05-14 23:28:58,-26.2286,-52.6706,56.43,99,100,3.36
515,Juneau,US,2022-05-14 23:25:32,58.3019,-134.4197,50.0,67,75,16.11
516,Obodivka,UA,2022-05-14 23:28:59,48.4051,29.2477,49.64,85,8,8.81
517,Komsomolskiy,UZ,2022-05-14 23:28:59,40.4272,71.7189,59.72,82,75,4.61
518,Coahuayana,MX,2022-05-14 23:28:59,18.7333,-103.6833,87.03,51,100,6.38
519,Monrovia,LR,2022-05-14 23:29:00,6.3005,-10.7969,79.81,83,100,6.6
520,Urdoma,RU,2022-05-14 23:29:00,61.7533,48.5442,44.19,91,99,3.22
521,Miles City,US,2022-05-14 23:29:00,46.4083,-105.8406,63.57,29,40,10.36
522,Ulladulla,AU,2022-05-14 23:29:01,-35.35,150.4667,65.77,77,93,1.32
523,Muroto,JP,2022-05-14 23:29:01,33.2833,134.15,64.27,69,79,8.9
524,Iranshahr,IR,2022-05-14 23:29:01,27.2025,60.6848,78.6,26,0,8.84
525,Nipawin,CA,2022-05-14 23:25:40,53.3668,-104.0009,46.44,71,100,14.97
526,Avera,US,2022-05-14 23:29:02,33.194,-82.5271,81.55,49,55,1.57
527,Horsham,GB,2022-05-14 23:29:02,51.064,-0.3272,58.24,79,0,4.61
528,Hualmay,PE,2022-05-14 23:29:03,-11.0964,-77.6139,65.34,82,11,8.7
529,Nelson Bay,AU,2022-05-14 23:29:03,-32.7167,152.15,71.11,87,89,1.01
530,Pangody,RU,2022-05-14 23:29:03,65.85,74.4859,41.0,80,91,6.91
531,Guapo,BR,2022-05-14 23:29:04,-16.8306,-49.5319,79.18,50,66,5.79
532,Burriana,ES,2022-05-14 23:29:04,39.889,-0.085,66.67,58,56,1.3
533,Jaen,ES,2022-05-14 23:29:04,38.0,-3.5,66.16,59,3,7.72
534,Kaoma,ZM,2022-05-14 23:29:05,-14.7833,24.8,58.77,61,20,5.73
535,Kotelnich,RU,2022-05-14 23:29:05,58.3089,48.348,41.56,97,60,7.14
536,Chojnow,PL,2022-05-14 23:29:06,51.2737,15.9366,56.01,68,99,5.66
537,Houma,US,2022-05-14 23:28:06,29.5958,-90.7195,87.01,64,0,6.91
538,Klaksvik,FO,2022-05-14 23:29:06,62.2266,-6.589,49.12,88,92,5.48
539,Spassk,RU,2022-05-14 23:29:07,52.747,87.7545,54.43,65,98,3.71
540,Akyab,MM,2022-05-14 23:29:07,20.15,92.9,82.92,81,42,4.9
541,Mokhsogollokh,RU,2022-05-14 23:29:08,61.4681,128.9203,33.26,56,39,6.31
542,Leh,IN,2022-05-14 23:29:08,34.1667,77.5833,46.53,34,1,3.78
543,Sao Jose Da Coroa Grande,BR,2022-05-14 23:29:09,-8.8978,-35.1478,77.45,87,67,8.79
544,Boa Viagem,BR,2022-05-14 23:29:09,-5.1275,-39.7322,74.73,78,95,1.39
545,Kidal,ML,2022-05-14 23:29:10,18.4411,1.4078,87.4,8,4,11.74
546,Dindori,IN,2022-05-14 23:29:10,22.95,81.0833,84.87,23,49,6.17
547,Poway,US,2022-05-14 23:28:05,32.9628,-117.0359,97.7,21,0,11.5
548,Pemangkat,ID,2022-05-14 23:29:11,1.1667,108.9667,78.39,83,54,4.88
549,Guerrero Negro,MX,2022-05-14 23:30:11,27.9769,-114.0611,70.38,53,100,18.99
550,Korla,CN,2022-05-14 23:30:11,41.7597,86.1469,65.64,31,10,5.28
551,Araouane,ML,2022-05-14 23:30:12,18.9048,-3.5265,80.67,9,43,11.61
552,Tutoia,BR,2022-05-14 23:30:12,-2.7619,-42.2744,79.63,90,96,10.87
553,Port Hawkesbury,CA,2022-05-14 23:30:13,45.6169,-61.3485,51.87,95,100,8.05
554,Goderich,CA,2022-05-14 23:30:13,43.7501,-81.7165,68.32,73,24,3.44
555,Impfondo,CG,2022-05-14 23:30:14,1.6381,18.0667,71.08,96,100,1.5
556,Azuqueca De Henares,ES,2022-05-14 23:27:34,40.5669,-3.2599,70.18,74,0,8.05
557,Caluquembe,AO,2022-05-14 23:30:14,-13.7833,14.6833,62.78,53,86,1.14
